Id,MSSubClass,MSZoning,LotFrontage,LotArea,Street,LotShape,LandContour,Utilities,LotConfig,LandSlope,Neighborhood,Condition1,Condition2,BldgType,HouseStyle,OverallQual,OverallCond,YearBuilt,YearRemodAdd,RoofStyle,RoofMatl,Exterior1st,Exterior2nd,MasVnrType,MasVnrArea,ExterQual,ExterCond,Foundation,BsmtQual,BsmtCond,BsmtExposure,BsmtFinType1,BsmtFinSF1,BsmtFinType2,BsmtFinSF2,BsmtUnfSF,TotalBsmtSF,Heating,HeatingQC,CentralAir,Electrical,1stFlrSF,2ndFlrSF,LowQualFinSF,GrLivArea,BsmtFullBath,BsmtHalfBath,FullBath,HalfBath,BedroomAbvGr,KitchenAbvGr,KitchenQual,TotRmsAbvGrd,Functional,Fireplaces,FireplaceQu,GarageType,GarageYrBlt,GarageFinish,GarageCars,GarageArea,GarageQual,GarageCond,PavedDrive,WoodDeckSF,OpenPorchSF,EnclosedPorch,3SsnPorch,ScreenPorch,PoolArea,MiscVal,MoSold,YrSold,SaleType,SaleCondition,SalePrice
601,60,RL,74.0,10927,Pave,Reg,Lvl,AllPub,Inside,Gtl,NridgHt,Norm,Norm,1Fam,2Story,8,5,2005,2005,Gable,CompShg,VinylSd,VinylSd,BrkFace,280.0,Gd,TA,PConc,Gd,TA,Av,GLQ,546,Unf,0,512,1058,GasA,Ex,Y,SBrkr,1058,846,0,1904,1,0,2,1,3,1,Ex,8,Typ,1,Gd,BuiltIn,2003.0,Fin,2,736,TA,TA,Y,179,60,0,0,0,0,0,6,2006,WD,Normal,275000
602,50,RM,50.0,9000,Pave,Reg,Bnk,AllPub,Inside,Gtl,IDOTRR,Norm,Norm,1Fam,1.5Fin,6,6,1937,1950,Gable,CompShg,Wd Sdng,Wd Sdng,None,0.0,TA,Gd,PConc,TA,TA,No,Unf,0,Unf,0,780,780,GasA,TA,Y,SBrkr,780,595,0,1375,0,0,1,1,3,1,Gd,6,Typ,1,Gd,Detchd,1979.0,Unf,1,544,TA,TA,P,0,162,0,0,126,0,0,12,2007,WD,Normal,141000
603,60,RL,80.0,10041,Pave,IR1,Lvl,AllPub,Inside,Gtl,SawyerW,Norm,Norm,1Fam,2Story,8,5,1992,1992,Gable,CompShg,HdBoard,HdBoard,None,0.0,Gd,TA,PConc,Gd,TA,Mn,GLQ,789,Unf,0,119,908,GasA,Ex,Y,SBrkr,927,988,0,1915,1,0,2,1,3,1,Gd,8,Typ,1,TA,Attchd,1992.0,Fin,2,506,TA,TA,Y,120,150,0,0,0,0,0,2,2006,WD,Abnorml,220000
604,160,FV,30.0,3182,Pave,Reg,Lvl,AllPub,Inside,Gtl,Somerst,Norm,Norm,TwnhsE,2Story,7,5,2004,2005,Gable,CompShg,MetalSd,MetalSd,None,0.0,Gd,TA,PConc,Gd,TA,No,Unf,0,Unf,0,600,600,GasA,Ex,Y,SBrkr,600,600,0,1200,0,0,2,1,2,1,Gd,4,Typ,0,,Detchd,2004.0,RFn,2,480,TA,TA,Y,0,172,0,0,0,0,0,6,2010,WD,Normal,151000
605,20,RL,88.0,12803,Pave,IR1,Lvl,AllPub,Inside,Gtl,CollgCr,Norm,Norm,1Fam,1Story,7,5,2002,2002,Gable,CompShg,VinylSd,VinylSd,BrkFace,99.0,Gd,TA,PConc,Gd,TA,Mn,GLQ,922,Unf,0,572,1494,GasA,Ex,Y,SBrkr,1494,0,0,1494,1,0,2,0,3,1,Gd,6,Typ,1,TA,Attchd,2002.0,RFn,2,530,TA,TA,Y,192,36,0,0,0,0,0,9,2008,WD,Normal,221000
606,60,RL,85.0,13600,Pave,Reg,Lvl,AllPub,Inside,Gtl,NAmes,Norm,Norm,1Fam,2Story,7,6,1965,1990,Gable,CompShg,HdBoard,HdBoard,BrkFace,176.0,TA,TA,CBlock,TA,TA,No,BLQ,454,Unf,0,314,768,GasA,TA,Y,SBrkr,1186,800,0,1986,0,0,2,1,3,1,TA,7,Typ,3,Fa,Attchd,1965.0,Unf,2,486,TA,TA,Y,0,42,0,0,189,0,0,10,2009,WD,Normal,205000
607,20,RL,82.0,12464,Pave,IR2,Low,AllPub,Corner,Mod,CollgCr,Norm,Norm,1Fam,1Story,5,5,1996,1996,Gable,CompShg,VinylSd,VinylSd,None,0.0,TA,Gd,PConc,Gd,TA,No,GLQ,732,Unf,0,308,1040,GasA,Gd,Y,SBrkr,1040,0,0,1040,1,0,1,0,3,1,Gd,6,Typ,0,,Detchd,2000.0,Unf,2,576,TA,TA,Y,168,0,0,0,0,0,0,11,2009,WD,Normal,152000
608,20,RL,78.0,7800,Pave,Reg,Bnk,AllPub,Inside,Mod,Edwards,Norm,Norm,1Fam,2Story,5,8,1948,2002,Gable,CompShg,MetalSd,MetalSd,None,0.0,TA,Gd,CBlock,TA,Gd,No,GLQ,603,Unf,0,293,896,GasA,Ex,Y,SBrkr,1112,896,0,2008,1,0,3,0,3,1,Ex,8,Typ,0,,Attchd,1948.0,Unf,1,230,TA,TA,Y,103,0,0,0,0,0,0,8,2006,WD,Normal,225000
609,70,RL,78.0,12168,Pave,Reg,HLS,AllPub,Inside,Mod,Crawfor,Norm,Norm,1Fam,2Story,8,6,1934,1998,Gable,CompShg,BrkFace,Wd Sdng,None,0.0,TA,TA,PConc,Gd,TA,Mn,BLQ,428,Unf,0,537,965,GasA,TA,Y,SBrkr,1940,1254,0,3194,0,0,2,1,4,1,TA,10,Typ,2,Gd,Basment,1934.0,Unf,2,380,TA,TA,Y,0,0,0,0,0,0,0,9,2007,WD,Alloca,359100
610,20,RL,61.0,7943,Pave,Reg,Lvl,AllPub,Inside,Gtl,Sawyer,Feedr,Norm,1Fam,1Story,4,5,1961,1961,Gable,CompShg,VinylSd,VinylSd,BrkCmn,192.0,TA,Fa,CBlock,TA,TA,Mn,Rec,903,Unf,0,126,1029,GasA,Gd,Y,SBrkr,1029,0,0,1029,1,0,1,0,3,1,TA,5,Typ,0,,Attchd,1961.0,Unf,1,261,TA,TA,Y,64,0,39,0,0,0,0,4,2007,WD,Normal,118500
611,60,RL,,11050,Pave,Reg,Lvl,AllPub,Inside,Gtl,CollgCr,PosN,Norm,1Fam,2Story,9,5,2000,2000,Hip,CompShg,VinylSd,VinylSd,BrkFace,204.0,Gd,TA,PConc,Ex,TA,Mn,GLQ,904,Unf,0,536,1440,GasA,Ex,Y,SBrkr,1476,677,0,2153,1,0,2,1,3,1,Ex,8,Typ,2,Ex,Attchd,2000.0,Fin,3,736,TA,TA,Y,253,142,0,0,0,0,0,5,2009,WD,Normal,313000
612,80,RL,,10395,Pave,IR1,Lvl,AllPub,FR2,Gtl,NWAmes,Norm,Norm,1Fam,SLvl,6,6,1978,1978,Gable,CompShg,HdBoard,HdBoard,BrkFace,233.0,TA,TA,CBlock,Gd,TA,Av,ALQ,605,Unf,0,427,1032,GasA,TA,Y,SBrkr,1032,0,0,1032,0,1,2,0,3,1,TA,6,Typ,1,TA,Attchd,1978.0,Unf,2,564,TA,TA,Y,0,0,0,0,0,0,500,7,2007,WD,Normal,148000
613,60,RL,,11885,Pave,Reg,Lvl,AllPub,Inside,Gtl,CollgCr,Norm,Norm,1Fam,2Story,8,5,2001,2001,Gable,CompShg,VinylSd,VinylSd,BrkFace,108.0,Gd,TA,PConc,Gd,TA,Av,GLQ,990,Unf,0,309,1299,GasA,Ex,Y,SBrkr,1299,573,0,1872,1,0,2,1,3,1,Ex,7,Typ,1,TA,BuiltIn,2001.0,RFn,2,531,TA,TA,Y,160,122,0,0,0,0,0,11,2009,WD,Normal,261500
614,20,RL,70.0,8402,Pave,Reg,Lvl,AllPub,Inside,Gtl,Mitchel,Feedr,Norm,1Fam,1Story,5,5,2007,2007,Gable,CompShg,VinylSd,VinylSd,None,0.0,TA,TA,PConc,Gd,TA,No,ALQ,206,Unf,0,914,1120,GasA,Ex,Y,SBrkr,1120,0,0,1120,0,0,1,0,3,1,TA,6,Typ,0,,,,,0,0,,,Y,0,30,0,0,0,0,0,12,2007,New,Partial,147000
615,180,RM,21.0,1491,Pave,Reg,Lvl,AllPub,Inside,Gtl,MeadowV,Norm,Norm,TwnhsE,SFoyer,4,6,1972,1972,Gable,CompShg,CemntBd,CmentBd,None,0.0,TA,TA,CBlock,Gd,TA,Av,LwQ,150,GLQ,480,0,630,GasA,Ex,Y,SBrkr,630,0,0,630,1,0,1,0,1,1,TA,3,Typ,0,,,,,0,0,,,Y,96,24,0,0,0,0,0,5,2010,WD,Normal,75500
616,85,RL,80.0,8800,Pave,Reg,Lvl,AllPub,Inside,Gtl,NAmes,Feedr,Norm,1Fam,SFoyer,6,7,1963,1963,Gable,CompShg,MetalSd,MetalSd,BrkFace,156.0,TA,Gd,PConc,TA,TA,Gd,GLQ,763,Unf,0,173,936,GasA,Ex,Y,SBrkr,1054,0,0,1054,1,0,1,0,3,1,Gd,6,Typ,0,,Attchd,1963.0,RFn,2,480,TA,TA,Y,120,0,0,0,0,0,0,5,2010,WD,Abnorml,137500
617,60,RL,,7861,Pave,IR1,Lvl,AllPub,Inside,Gtl,Gilbert,Norm,Norm,1Fam,2Story,6,5,2002,2003,Gable,CompShg,VinylSd,VinylSd,None,0.0,Gd,TA,PConc,Gd,TA,No,GLQ,457,Unf,0,326,783,GasA,Ex,Y,SBrkr,807,702,0,1509,1,0,2,1,3,1,Gd,7,Typ,1,Gd,Attchd,2002.0,Fin,2,393,TA,TA,Y,100,75,0,0,0,0,0,6,2006,WD,Normal,183200
618,45,RL,59.0,7227,Pave,Reg,HLS,AllPub,Corner,Mod,NAmes,Artery,Norm,1Fam,1.5Unf,6,6,1954,1954,Gable,CompShg,MetalSd,MetalSd,None,0.0,TA,TA,CBlock,TA,TA,No,Unf,0,Unf,0,832,832,GasA,Gd,Y,SBrkr,832,0,0,832,0,0,1,0,2,1,Gd,4,Typ,0,,Detchd,1962.0,Unf,2,528,TA,TA,Y,0,0,0,0,0,0,0,6,2008,WD,Normal,105500
619,20,RL,90.0,11694,Pave,Reg,Lvl,AllPub,Inside,Gtl,NridgHt,Norm,Norm,1Fam,1Story,9,5,2007,2007,Hip,CompShg,CemntBd,CmentBd,BrkFace,452.0,Ex,TA,PConc,Ex,TA,Av,GLQ,48,Unf,0,1774,1822,GasA,Ex,Y,SBrkr,1828,0,0,1828,0,0,2,0,3,1,Gd,9,Typ,1,Gd,Attchd,2007.0,Unf,3,774,TA,TA,Y,0,108,0,0,260,0,0,7,2007,New,Partial,314813
620,60,RL,85.0,12244,Pave,Reg,Lvl,AllPub,Inside,Gtl,Timber,Norm,Norm,1Fam,2Story,8,5,2003,2003,Hip,CompShg,VinylSd,VinylSd,Stone,226.0,Gd,TA,PConc,Gd,TA,Gd,GLQ,871,Unf,0,611,1482,GasA,Ex,Y,SBrkr,1482,780,0,2262,1,0,2,1,4,1,Gd,10,Typ,2,Gd,Attchd,2003.0,Fin,3,749,TA,TA,Y,168,0,0,0,0,0,0,8,2008,WD,Normal,305000
621,30,RL,45.0,8248,Pave,Reg,Lvl,AllPub,Inside,Gtl,Edwards,Norm,Norm,1Fam,1Story,3,3,1914,1950,Gable,CompShg,Stucco,Stucco,None,0.0,TA,TA,BrkTil,TA,TA,No,BLQ,41,Unf,0,823,864,GasA,TA,N,FuseF,864,0,0,864,1,0,1,0,2,1,TA,5,Typ,0,,,,,0,0,,,N,0,0,100,0,0,0,0,9,2008,WD,Normal,67000
622,60,RL,90.0,10800,Pave,Reg,Lvl,AllPub,Inside,Gtl,NWAmes,Norm,Norm,1Fam,2Story,6,7,1974,1997,Gable,CompShg,HdBoard,HdBoard,None,0.0,TA,TA,CBlock,TA,TA,No,ALQ,956,Rec,182,384,1522,GasA,TA,Y,SBrkr,1548,1066,0,2614,0,0,2,1,4,1,TA,9,Typ,1,TA,Attchd,1974.0,RFn,2,624,TA,TA,Y,38,243,0,0,0,0,0,6,2008,WD,Normal,240000
623,20,RL,71.0,7064,Pave,Reg,Lvl,AllPub,Inside,Gtl,Sawyer,Norm,Norm,1Fam,1Story,5,6,1977,1977,Gable,CompShg,Plywood,Plywood,BrkFace,153.0,TA,TA,CBlock,TA,TA,No,BLQ,560,Unf,0,420,980,GasA,TA,Y,SBrkr,980,0,0,980,0,0,1,0,3,1,TA,6,Typ,0,,Detchd,1986.0,Unf,2,484,TA,TA,Y,192,0,0,0,0,0,0,7,2009,WD,Normal,135000
624,160,FV,,2117,Pave,Reg,Lvl,AllPub,Inside,Gtl,Somerst,Norm,Norm,TwnhsE,2Story,6,5,2000,2000,Gable,CompShg,MetalSd,MetalSd,BrkFace,513.0,Gd,TA,PConc,Gd,TA,No,GLQ,420,Unf,0,336,756,GasA,Ex,Y,SBrkr,756,756,0,1512,0,0,2,1,2,1,Gd,4,Typ,1,TA,Detchd,2000.0,Unf,2,440,TA,TA,Y,0,32,0,0,0,0,0,6,2007,WD,Normal,168500
625,60,RL,80.0,10400,Pave,Reg,Lvl,AllPub,Inside,Gtl,NWAmes,Norm,Norm,1Fam,2Story,6,5,1972,1972,Gable,CompShg,VinylSd,VinylSd,None,288.0,TA,TA,CBlock,TA,TA,No,Rec,247,Unf,0,485,732,GasA,Gd,Y,SBrkr,1012,778,0,1790,1,0,1,2,4,1,TA,8,Min2,1,TA,Attchd,1972.0,RFn,2,484,TA,TA,Y,148,0,0,0,147,0,0,11,2006,WD,Normal,165150
626,20,RL,87.0,10000,Pave,IR1,Lvl,AllPub,Corner,Gtl,NAmes,Norm,Norm,1Fam,1Story,6,6,1962,1962,Hip,CompShg,Wd Sdng,Wd Sdng,BrkFace,261.0,TA,TA,CBlock,TA,TA,No,Unf,0,Unf,0,1116,1116,GasA,TA,Y,SBrkr,1116,0,0,1116,0,0,1,1,3,1,TA,5,Typ,0,,Attchd,1962.0,Unf,2,440,TA,TA,Y,0,0,0,0,385,0,0,2,2010,WD,Normal,160000
627,20,RL,,12342,Pave,IR1,Lvl,AllPub,Inside,Gtl,NAmes,Norm,Norm,1Fam,1Story,5,5,1960,1978,Hip,CompShg,Wd Sdng,Wd Sdng,None,0.0,TA,TA,CBlock,TA,TA,No,Unf,0,Unf,0,978,978,GasA,TA,Y,SBrkr,1422,0,0,1422,0,0,1,0,3,1,TA,6,Min1,1,TA,Attchd,1960.0,RFn,1,286,TA,TA,Y,0,0,36,0,0,0,600,8,2007,WD,Normal,139900
628,80,RL,80.0,9600,Pave,Reg,Lvl,AllPub,Inside,Gtl,NAmes,Norm,Norm,1Fam,SLvl,6,6,1955,1972,Gable,CompShg,AsbShng,AsbShng,BrkFace,164.0,TA,TA,CBlock,TA,TA,Av,BLQ,674,LwQ,132,350,1156,GasA,Ex,Y,SBrkr,1520,0,0,1520,1,0,1,0,3,1,TA,7,Typ,2,Gd,Basment,1955.0,RFn,1,364,TA,TA,Y,0,0,189,0,0,0,0,3,2010,WD,Normal,153000
629,60,RL,70.0,11606,Pave,IR1,HLS,AllPub,Inside,Sev,NAmes,Norm,Norm,1Fam,2Story,5,5,1969,1969,Gable,CompShg,Plywood,Plywood,BrkFace,192.0,TA,TA,PConc,Gd,TA,Av,Rec,650,Unf,0,390,1040,GasA,TA,Y,SBrkr,1040,1040,0,2080,0,1,1,2,5,1,Fa,9,Typ,2,TA,Attchd,1969.0,Unf,2,504,TA,TA,Y,335,0,0,0,0,0,0,9,2007,WD,Family,135000
630,80,RL,82.0,9020,Pave,Reg,Lvl,AllPub,Corner,Gtl,NAmes,Feedr,Norm,1Fam,SLvl,6,5,1964,1964,Gable,WdShngl,Plywood,Wd Sdng,BrkFace,259.0,TA,TA,CBlock,TA,TA,Gd,GLQ,624,Rec,336,288,1248,GasA,TA,Y,SBrkr,1350,0,0,1350,1,0,1,1,3,1,TA,6,Typ,0,,Attchd,1964.0,RFn,2,520,TA,TA,Y,176,0,0,0,0,0,0,6,2008,WD,Normal,168500
631,70,RM,50.0,9000,Pave,Reg,Lvl,AllPub,Corner,Gtl,OldTown,Artery,Norm,1Fam,2Story,5,6,1880,1991,Gable,CompShg,VinylSd,VinylSd,None,0.0,TA,TA,BrkTil,Fa,Fa,No,Unf,0,Unf,0,636,636,GasA,TA,Y,FuseA,1089,661,0,1750,0,0,1,0,3,1,Ex,8,Typ,0,,Detchd,1937.0,Unf,1,240,Fa,Po,N,0,0,293,0,0,0,0,6,2006,WD,Abnorml,124000
632,120,RL,34.0,4590,Pave,Reg,Lvl,AllPub,Inside,Gtl,NridgHt,Norm,Norm,Twnhs,1Story,8,5,2006,2006,Gable,CompShg,VinylSd,VinylSd,Stone,108.0,Gd,TA,PConc,Gd,Gd,Mn,GLQ,24,Unf,0,1530,1554,GasA,Ex,Y,SBrkr,1554,0,0,1554,0,0,2,0,2,1,Gd,6,Typ,1,Gd,Attchd,2006.0,RFn,2,627,TA,TA,Y,156,73,0,0,0,0,0,8,2007,WD,Normal,209500
633,20,RL,85.0,11900,Pave,Reg,Lvl,AllPub,Inside,Gtl,NWAmes,Norm,Norm,1Fam,1Story,7,5,1977,1977,Hip,CompShg,Plywood,Plywood,BrkFace,209.0,TA,Gd,CBlock,TA,TA,No,ALQ,822,Unf,0,564,1386,GasA,TA,Y,SBrkr,1411,0,0,1411,0,0,2,0,3,1,TA,6,Typ,1,TA,Attchd,1977.0,Fin,2,544,TA,TA,Y,192,0,0,0,0,0,0,4,2009,WD,Family,82500
634,20,RL,80.0,9250,Pave,Reg,Lvl,AllPub,Corner,Gtl,NAmes,Norm,Norm,1Fam,1Story,5,7,1954,2005,Gable,CompShg,Wd Sdng,Wd Sdng,None,0.0,TA,TA,CBlock,TA,TA,No,BLQ,480,LwQ,468,108,1056,GasA,TA,Y,SBrkr,1056,0,0,1056,0,1,1,0,3,1,TA,6,Typ,0,,Attchd,1954.0,Unf,1,260,TA,TA,Y,390,0,0,0,0,0,0,7,2007,WD,Normal,139400
635,90,RL,64.0,6979,Pave,Reg,Lvl,AllPub,Inside,Gtl,OldTown,Norm,Norm,Duplex,SFoyer,6,5,1980,1980,Gable,CompShg,Plywood,Plywood,None,0.0,TA,TA,CBlock,TA,TA,No,GLQ,1056,Unf,0,0,1056,GasA,Gd,Y,SBrkr,1056,0,0,1056,2,0,0,0,0,2,TA,4,Typ,0,,Detchd,1980.0,Unf,2,576,TA,TA,Y,264,56,0,0,0,0,600,6,2010,WD,Normal,144000
636,190,RH,60.0,10896,Pave,Reg,Bnk,AllPub,Inside,Gtl,SWISU,Feedr,Norm,2fmCon,2.5Fin,6,7,1914,1995,Hip,CompShg,VinylSd,VinylSd,None,0.0,Fa,TA,CBlock,TA,Fa,No,LwQ,256,Unf,0,1184,1440,GasA,Ex,Y,FuseA,1440,1440,515,3395,0,0,2,0,8,2,Fa,14,Typ,0,,,,,0,0,,,N,0,110,0,0,0,0,0,3,2007,WD,Abnorml,200000
637,30,RM,51.0,6120,Pave,Reg,Lvl,AllPub,Inside,Gtl,BrkSide,Norm,Norm,1Fam,1Story,2,3,1936,1950,Gable,CompShg,AsbShng,AsbShng,None,0.0,Fa,Fa,BrkTil,TA,Fa,No,Unf,0,Unf,0,264,264,Grav,Fa,N,FuseA,800,0,0,800,0,0,1,0,1,1,Fa,4,Maj1,1,Po,,,,0,0,,,N,0,0,0,0,0,0,0,1,2009,ConLw,Normal,60000
638,190,RM,50.0,6000,Pave,Reg,Lvl,AllPub,Inside,Gtl,OldTown,Norm,Norm,2fmCon,1.5Fin,5,4,1954,1954,Gable,CompShg,Wd Sdng,Wd Sdng,None,0.0,TA,TA,CBlock,TA,TA,No,Unf,0,Unf,0,811,811,GasA,TA,Y,FuseA,811,576,0,1387,0,0,2,0,3,2,Gd,7,Typ,0,,BuiltIn,1954.0,Unf,1,256,TA,TA,Y,0,0,0,0,0,0,0,11,2009,WD,Normal,93000
639,30,RL,67.0,8777,Pave,Reg,Lvl,AllPub,Inside,Gtl,Edwards,Feedr,Norm,1Fam,1Story,5,7,1910,1950,Gable,CompShg,MetalSd,Wd Sdng,None,0.0,TA,TA,CBlock,Fa,TA,No,Unf,0,Unf,0,796,796,GasA,Gd,Y,FuseA,796,0,0,796,0,0,1,0,2,1,TA,4,Typ,0,,,,,0,0,,,P,328,0,164,0,0,0,0,5,2008,WD,Normal,85000
640,120,RL,53.0,3982,Pave,Reg,Lvl,AllPub,Inside,Gtl,Blmngtn,Norm,Norm,TwnhsE,1Story,8,5,2006,2006,Hip,CompShg,VinylSd,VinylSd,None,0.0,Gd,TA,PConc,Gd,Gd,Av,GLQ,1154,Unf,0,366,1520,GasA,Ex,Y,SBrkr,1567,0,0,1567,1,0,2,0,1,1,Ex,7,Typ,1,Gd,Attchd,2006.0,Fin,3,648,TA,TA,Y,312,0,0,0,0,0,0,10,2006,New,Partial,264561
641,120,RL,62.0,12677,Pave,IR1,Lvl,AllPub,Inside,Gtl,NridgHt,Norm,Norm,TwnhsE,1Story,8,5,2003,2004,Hip,CompShg,MetalSd,MetalSd,BrkFace,472.0,Ex,TA,PConc,Ex,TA,Gd,GLQ,1218,Unf,0,300,1518,GasA,Ex,Y,SBrkr,1518,0,0,1518,0,0,1,1,1,1,Ex,6,Typ,1,Gd,Attchd,2003.0,RFn,2,588,TA,TA,Y,185,140,0,0,0,0,0,4,2008,WD,Normal,274000
642,60,FV,,7050,Pave,Reg,Lvl,AllPub,Inside,Gtl,Somerst,Norm,Norm,1Fam,2Story,7,5,2001,2001,Gable,CompShg,VinylSd,VinylSd,None,0.0,Gd,TA,PConc,Gd,TA,No,GLQ,738,Unf,0,319,1057,GasA,Ex,Y,SBrkr,1057,872,0,1929,1,0,2,1,3,1,Gd,7,Typ,1,TA,Attchd,2001.0,Fin,2,650,TA,TA,Y,0,235,0,0,0,0,0,5,2007,WD,Normal,226000
643,80,RL,75.0,13860,Pave,Reg,Lvl,AllPub,Inside,Gtl,NAmes,Norm,Norm,1Fam,SLvl,8,7,1972,1995,Gable,CompShg,Plywood,Wd Sdng,None,0.0,Gd,TA,CBlock,Gd,TA,Gd,GLQ,1410,Unf,0,542,1952,GasA,Gd,Y,SBrkr,2000,704,0,2704,1,0,2,1,4,1,Ex,9,Typ,3,TA,Attchd,1972.0,Fin,2,538,TA,TA,Y,269,111,0,0,0,0,0,7,2009,WD,Normal,345000
644,60,RL,80.0,10793,Pave,Reg,Lvl,AllPub,Inside,Gtl,NWAmes,RRAn,Norm,1Fam,2Story,5,5,1969,1969,Mansard,CompShg,WdShing,HdBoard,BrkFace,263.0,TA,TA,CBlock,TA,TA,No,Rec,493,BLQ,287,0,780,GasA,Ex,Y,SBrkr,780,840,0,1620,0,0,2,1,4,1,TA,7,Min1,0,,Attchd,1969.0,Fin,2,462,TA,TA,Y,208,0,0,0,0,0,0,4,2007,WD,Normal,152000
645,20,FV,85.0,9187,Pave,Reg,Lvl,AllPub,Inside,Gtl,Somerst,Norm,Norm,1Fam,1Story,9,5,2009,2009,Gable,CompShg,CemntBd,CmentBd,Stone,162.0,Ex,TA,PConc,Ex,TA,Mn,GLQ,1121,Unf,0,645,1766,GasA,Ex,Y,SBrkr,1766,0,0,1766,1,0,2,1,2,1,Ex,7,Typ,1,Gd,Attchd,2009.0,Fin,3,478,TA,TA,Y,195,130,0,0,0,0,0,10,2009,New,Partial,370878
646,20,RL,,10530,Pave,IR1,Lvl,AllPub,Corner,Gtl,NAmes,Norm,Norm,1Fam,1Story,6,5,1971,1971,Hip,CompShg,Plywood,Plywood,None,0.0,TA,TA,CBlock,TA,TA,No,ALQ,282,LwQ,35,664,981,GasA,TA,Y,SBrkr,981,0,0,981,1,0,1,1,3,1,TA,5,Typ,0,,Detchd,1979.0,Unf,2,576,TA,TA,Y,0,312,40,0,0,0,0,3,2007,WD,Normal,143250
647,20,RL,60.0,7200,Pave,Reg,Lvl,AllPub,Inside,Gtl,NAmes,Norm,Norm,1Fam,1Story,5,5,1950,1950,Hip,CompShg,MetalSd,MetalSd,None,0.0,TA,TA,CBlock,,,,,0,,0,0,0,GasA,Gd,Y,SBrkr,1048,0,0,1048,0,0,1,0,3,1,TA,7,Min1,0,,Detchd,1950.0,Unf,2,420,TA,TA,Y,0,27,0,0,0,0,0,7,2008,WD,Normal,98300
648,20,RL,85.0,10452,Pave,IR1,Lvl,AllPub,Inside,Gtl,Edwards,Norm,Norm,1Fam,1Story,6,5,1953,1953,Hip,CompShg,Wd Sdng,Wd Sdng,Stone,216.0,TA,TA,CBlock,TA,TA,Mn,Rec,500,Unf,0,594,1094,GasA,Ex,Y,SBrkr,1094,0,0,1094,0,0,1,0,3,1,TA,5,Typ,2,Gd,Attchd,1953.0,RFn,2,495,TA,TA,Y,0,0,0,0,287,0,0,6,2008,WD,Normal,155000
649,60,RL,70.0,7700,Pave,Reg,Lvl,AllPub,Inside,Gtl,NAmes,PosN,Norm,1Fam,2Story,6,5,1966,1966,Gable,CompShg,MetalSd,MetalSd,BrkFace,351.0,TA,TA,CBlock,TA,TA,No,Unf,0,Unf,0,756,756,GasA,TA,Y,SBrkr,1051,788,0,1839,0,0,1,1,4,1,TA,7,Typ,1,TA,Attchd,1966.0,Unf,2,442,TA,TA,Y,0,124,216,0,0,0,0,6,2010,WD,Normal,155000
650,180,RM,21.0,1936,Pave,Reg,Lvl,AllPub,Inside,Gtl,MeadowV,Norm,Norm,Twnhs,SFoyer,4,6,1970,1970,Gable,CompShg,CemntBd,CmentBd,None,0.0,TA,TA,CBlock,Gd,TA,Av,BLQ,131,GLQ,499,0,630,GasA,Gd,Y,SBrkr,630,0,0,630,1,0,1,0,1,1,TA,3,Typ,0,,,,,0,0,,,Y,0,0,0,0,0,0,0,12,2007,WD,Normal,84500
651,60,FV,65.0,8125,Pave,Reg,Lvl,AllPub,Inside,Gtl,Somerst,Norm,Norm,1Fam,2Story,7,6,2007,2007,Gable,CompShg,CemntBd,CmentBd,,,Gd,TA,PConc,Gd,TA,No,Unf,0,Unf,0,813,813,GasA,Ex,Y,SBrkr,822,843,0,1665,0,0,2,1,3,1,Gd,7,Typ,0,,Attchd,2007.0,RFn,2,562,TA,TA,Y,0,0,0,0,0,0,0,5,2008,WD,Normal,205950
652,70,RL,60.0,9084,Pave,Reg,Lvl,AllPub,Inside,Gtl,Edwards,Artery,Norm,1Fam,2Story,4,5,1940,1950,Gable,CompShg,MetalSd,MetalSd,None,0.0,TA,TA,CBlock,TA,TA,Mn,Unf,0,Unf,0,755,755,GasA,TA,Y,SBrkr,755,755,0,1510,1,0,1,0,4,1,TA,7,Typ,1,Gd,Detchd,1940.0,Unf,1,296,Fa,Po,P,120,0,0,0,0,0,0,10,2009,WD,Normal,108000
653,60,RL,70.0,8750,Pave,Reg,Lvl,AllPub,Inside,Gtl,CollgCr,Norm,Norm,1Fam,2Story,7,5,1996,1996,Gable,CompShg,VinylSd,VinylSd,None,0.0,Gd,TA,PConc,Gd,TA,No,Unf,0,Unf,0,880,880,GasA,Ex,Y,SBrkr,909,807,0,1716,0,0,2,1,2,1,Gd,7,Typ,1,TA,Attchd,1996.0,RFn,2,512,TA,TA,Y,0,120,0,0,0,0,0,7,2009,WD,Normal,191000
654,50,RM,60.0,10320,Pave,Reg,Lvl,AllPub,Inside,Gtl,IDOTRR,Norm,Norm,1Fam,1.5Fin,6,7,1906,1995,Gable,CompShg,MetalSd,MetalSd,None,0.0,TA,TA,CBlock,TA,TA,No,Unf,0,Unf,0,756,756,GasA,Ex,Y,SBrkr,756,713,0,1469,0,0,1,0,3,1,TA,7,Typ,0,,Detchd,1906.0,Unf,1,216,TA,TA,Y,57,0,239,0,0,0,0,6,2008,WD,Normal,135000
655,20,RL,91.0,10437,Pave,IR1,Lvl,AllPub,Inside,Gtl,NoRidge,Norm,Norm,1Fam,1Story,8,6,1995,1995,Hip,CompShg,MetalSd,MetalSd,BrkFace,660.0,Gd,Gd,PConc,Gd,TA,Gd,GLQ,1696,Unf,0,413,2109,GasA,Ex,Y,SBrkr,2113,0,0,2113,1,0,2,1,2,1,Gd,7,Typ,1,TA,Attchd,1995.0,Fin,3,839,TA,TA,Y,236,46,0,0,0,0,0,8,2008,WD,Normal,350000
656,160,RM,21.0,1680,Pave,Reg,Lvl,AllPub,Inside,Gtl,BrDale,Norm,Norm,Twnhs,2Story,6,5,1971,1971,Gable,CompShg,HdBoard,ImStucc,BrkFace,381.0,TA,TA,CBlock,TA,TA,No,Unf,0,Unf,0,525,525,GasA,TA,Y,SBrkr,525,567,0,1092,0,0,1,1,3,1,TA,6,Typ,0,,Detchd,1971.0,Unf,1,264,TA,TA,Y,0,0,0,0,0,0,0,3,2010,WD,Family,88000
657,20,RL,72.0,10007,Pave,IR1,Lvl,AllPub,Inside,Gtl,NAmes,Norm,Norm,1Fam,1Story,5,7,1959,2006,Gable,CompShg,HdBoard,HdBoard,BrkFace,54.0,Gd,TA,CBlock,TA,TA,No,ALQ,806,Unf,0,247,1053,GasA,Ex,Y,SBrkr,1053,0,0,1053,1,0,1,1,3,1,Gd,5,Typ,0,,Attchd,1959.0,RFn,1,312,TA,TA,Y,0,0,0,0,0,0,0,8,2008,WD,Normal,145500
658,70,RL,60.0,7200,Pave,Reg,HLS,AllPub,Inside,Mod,Crawfor,Norm,Norm,1Fam,2Story,7,6,1931,2000,Gable,CompShg,Stucco,Wd Shng,None,0.0,TA,Fa,BrkTil,Gd,TA,No,Unf,0,Unf,0,776,776,GasA,TA,Y,SBrkr,851,651,0,1502,0,0,1,1,3,1,TA,6,Typ,1,Gd,Attchd,1931.0,RFn,1,270,TA,TA,P,0,0,112,0,0,0,0,2,2008,WD,Normal,149000
659,50,RL,78.0,17503,Pave,Reg,Lvl,AllPub,Inside,Gtl,NAmes,Artery,Norm,1Fam,1.5Fin,6,5,1948,1950,Gable,CompShg,VinylSd,VinylSd,None,0.0,TA,TA,CBlock,TA,TA,No,Unf,0,Unf,0,912,912,GasA,TA,Y,SBrkr,912,546,0,1458,0,1,1,0,3,1,TA,6,Typ,1,Gd,Attchd,1948.0,Unf,1,330,TA,TA,Y,192,0,0,0,0,0,0,1,2010,WD,Abnorml,97500
660,20,RL,75.0,9937,Pave,Reg,Lvl,AllPub,Corner,Gtl,Edwards,Norm,Norm,1Fam,1Story,5,7,1964,1999,Hip,CompShg,MetalSd,MetalSd,None,0.0,TA,Gd,PConc,TA,TA,No,BLQ,637,Unf,0,849,1486,GasA,Ex,Y,SBrkr,1486,0,0,1486,1,0,1,0,3,1,TA,7,Typ,0,,Detchd,1968.0,Fin,2,480,TA,TA,Y,0,0,0,0,0,0,0,3,2009,WD,Normal,167000
661,60,RL,,12384,Pave,Reg,Lvl,AllPub,CulDSac,Gtl,NWAmes,Norm,Norm,1Fam,2Story,7,7,1976,1976,Gable,CompShg,Plywood,Plywood,BrkFace,233.0,TA,TA,CBlock,Gd,TA,No,Unf,0,Unf,0,793,793,GasA,TA,Y,SBrkr,1142,793,0,1935,0,0,2,1,3,1,TA,7,Typ,1,TA,Attchd,1976.0,RFn,2,550,TA,TA,Y,0,113,252,0,0,0,0,11,2007,WD,Normal,197900
662,60,RL,52.0,46589,Pave,IR2,Lvl,AllPub,CulDSac,Gtl,NoRidge,Norm,Norm,1Fam,2Story,8,7,1994,2005,Hip,CompShg,VinylSd,VinylSd,BrkFace,528.0,Gd,TA,PConc,Gd,Gd,No,GLQ,1361,Rec,180,88,1629,GasA,Ex,Y,SBrkr,1686,762,0,2448,1,0,2,1,4,1,Gd,8,Typ,1,TA,Attchd,1994.0,RFn,3,711,TA,TA,Y,517,76,0,0,0,0,0,7,2009,WD,Normal,402000
663,20,RL,120.0,13560,Pave,Reg,Lvl,AllPub,Corner,Gtl,NAmes,Norm,Norm,1Fam,1Story,6,3,1968,1968,Hip,CompShg,Wd Sdng,Wd Sdng,BrkFace,216.0,TA,TA,CBlock,Fa,Fa,No,Unf,0,Unf,0,1392,1392,GasA,Gd,Y,SBrkr,1392,0,0,1392,1,0,1,0,2,1,TA,5,Maj2,2,TA,Attchd,1968.0,RFn,2,576,TA,TA,Y,0,0,240,0,0,0,0,7,2009,WD,Normal,110000
664,85,RL,90.0,10012,Pave,Reg,Lvl,AllPub,Inside,Gtl,Edwards,Norm,Norm,1Fam,SFoyer,4,5,1972,1972,Gable,CompShg,Plywood,Plywood,None,0.0,TA,TA,CBlock,Gd,TA,Av,BLQ,920,Rec,180,38,1138,GasA,TA,Y,SBrkr,1181,0,0,1181,1,0,2,0,3,1,TA,6,Typ,0,,Detchd,1974.0,RFn,2,588,TA,TA,Y,0,0,180,0,0,0,0,4,2008,WD,Normal,137500
665,20,RL,49.0,20896,Pave,IR2,Lvl,AllPub,CulDSac,Gtl,Somerst,RRAn,Norm,1Fam,1Story,8,5,2005,2006,Gable,CompShg,VinylSd,VinylSd,None,0.0,Gd,TA,PConc,Ex,TA,Mn,GLQ,1721,Unf,0,356,2077,GasA,Ex,Y,SBrkr,2097,0,0,2097,1,0,1,1,1,1,Ex,8,Typ,1,Ex,Attchd,2005.0,Fin,3,1134,TA,TA,Y,192,267,0,0,0,0,0,1,2006,New,Partial,423000
666,60,RL,106.0,11194,Pave,IR1,Lvl,AllPub,Corner,Gtl,Gilbert,Norm,Norm,1Fam,2Story,8,5,2000,2000,Gable,CompShg,VinylSd,VinylSd,BrkFace,40.0,Gd,TA,PConc,Gd,TA,No,Unf,0,Unf,0,1406,1406,GasA,Ex,Y,SBrkr,1454,482,0,1936,0,0,2,1,3,1,Gd,7,Typ,1,TA,Attchd,2000.0,RFn,2,504,TA,TA,Y,188,124,0,0,0,0,0,11,2006,WD,Normal,230500
667,60,RL,,18450,Pave,IR1,Lvl,AllPub,Inside,Gtl,NAmes,Norm,Norm,1Fam,2Story,6,5,1965,1979,Flat,Tar&Grv,Plywood,Plywood,BrkCmn,113.0,TA,Gd,CBlock,Gd,TA,No,LwQ,187,Rec,723,111,1021,GasA,TA,Y,SBrkr,1465,915,0,2380,0,0,2,1,3,1,TA,7,Sev,1,Po,CarPort,1965.0,Unf,2,596,TA,TA,Y,0,265,0,0,0,0,0,8,2007,WD,Abnorml,129000
668,20,RL,65.0,8125,Pave,Reg,Lvl,AllPub,Inside,Gtl,SawyerW,Norm,Norm,1Fam,1Story,6,5,1994,1998,Gable,CompShg,HdBoard,HdBoard,BrkFace,258.0,TA,TA,PConc,Gd,TA,No,GLQ,1138,Unf,0,270,1408,GasA,Ex,Y,SBrkr,1679,0,0,1679,1,0,2,0,3,1,Gd,7,Typ,1,Fa,Attchd,1994.0,RFn,2,575,TA,TA,Y,224,42,0,0,0,0,0,10,2008,WD,Normal,193500
669,20,RL,,14175,Pave,Reg,Bnk,AllPub,Corner,Mod,Sawyer,Norm,Norm,1Fam,1Story,5,6,1956,1987,Gable,CompShg,CemntBd,Wd Sdng,None,0.0,TA,TA,CBlock,TA,TA,No,Rec,988,Unf,0,200,1188,GasA,Gd,Y,SBrkr,1437,0,0,1437,1,0,1,1,3,1,TA,6,Min2,1,TA,Detchd,1999.0,Unf,2,576,TA,TA,Y,304,0,0,0,0,0,0,11,2006,WD,Normal,168000
670,30,RL,80.0,11600,Pave,Reg,Lvl,AllPub,Inside,Gtl,Crawfor,Norm,Norm,1Fam,1Story,4,5,1922,1950,Gable,CompShg,MetalSd,MetalSd,None,0.0,TA,TA,BrkTil,Fa,TA,No,Unf,0,Unf,0,700,700,GasA,Ex,Y,SBrkr,1180,0,0,1180,0,0,1,0,2,1,Fa,5,Typ,1,Gd,Detchd,1922.0,Unf,1,252,TA,Fa,Y,0,0,67,0,0,0,0,7,2006,WD,Normal,137500
671,60,RL,64.0,8633,Pave,Reg,Lvl,AllPub,FR2,Gtl,CollgCr,Norm,Norm,1Fam,2Story,6,5,2005,2005,Gable,CompShg,VinylSd,VinylSd,None,0.0,Gd,TA,PConc,Gd,TA,No,GLQ,193,Unf,0,545,738,GasA,Ex,Y,SBrkr,738,738,0,1476,1,0,2,1,3,1,Gd,7,Typ,0,,Attchd,2005.0,Fin,2,540,TA,TA,Y,100,35,0,0,0,0,0,2,2009,WD,Normal,173500
672,70,RH,54.0,6629,Pave,Reg,Lvl,AllPub,Inside,Gtl,Edwards,Artery,Norm,1Fam,2Story,6,6,1925,1950,Gambrel,CompShg,Wd Sdng,Wd Sdng,None,0.0,TA,Gd,BrkTil,TA,TA,No,BLQ,551,Unf,0,121,672,GasA,TA,N,SBrkr,697,672,0,1369,1,0,2,0,3,1,TA,6,Typ,0,,Detchd,1930.0,Unf,1,300,TA,TA,Y,147,0,0,0,0,0,0,7,2009,WD,Normal,103600
673,20,RL,,11250,Pave,IR1,Lvl,AllPub,Inside,Gtl,Veenker,Norm,Norm,1Fam,1Story,6,6,1977,1977,Gable,CompShg,Plywood,Plywood,None,0.0,Gd,TA,CBlock,Gd,TA,No,ALQ,767,Unf,0,441,1208,GasA,TA,Y,SBrkr,1208,0,0,1208,1,0,1,1,3,1,TA,6,Typ,1,TA,Attchd,1977.0,RFn,2,546,TA,TA,Y,198,42,0,0,0,0,0,6,2006,WD,Normal,165000
674,20,RL,110.0,14442,Pave,Reg,Lvl,AllPub,Inside,Gtl,Crawfor,Norm,Norm,1Fam,1Story,6,7,1957,2004,Hip,CompShg,CemntBd,CmentBd,BrkFace,106.0,TA,TA,PConc,TA,TA,No,GLQ,1186,Unf,0,291,1477,GasA,Ex,Y,SBrkr,1839,0,0,1839,1,0,2,0,3,1,Gd,7,Typ,2,TA,Attchd,1957.0,Fin,2,416,TA,TA,Y,0,87,0,0,200,0,0,6,2007,WD,Normal,257500
675,20,RL,80.0,9200,Pave,Reg,Lvl,AllPub,Inside,Gtl,NAmes,Norm,Norm,1Fam,1Story,6,6,1965,1965,Gable,CompShg,HdBoard,HdBoard,None,0.0,TA,TA,CBlock,TA,TA,No,Rec,892,Unf,0,244,1136,GasA,TA,Y,SBrkr,1136,0,0,1136,1,0,1,0,3,1,TA,5,Typ,1,Gd,Attchd,1965.0,RFn,1,384,TA,TA,Y,426,0,0,0,0,0,0,7,2008,WD,Normal,140000
676,160,RL,24.0,2289,Pave,Reg,Lvl,AllPub,Inside,Gtl,NPkVill,Norm,Norm,Twnhs,2Story,6,6,1978,1978,Gable,CompShg,Plywood,Brk Cmn,None,0.0,TA,TA,CBlock,TA,TA,No,ALQ,311,Unf,0,544,855,GasA,TA,Y,SBrkr,855,586,0,1441,0,0,2,1,3,1,TA,7,Typ,1,TA,Attchd,1978.0,Unf,2,440,TA,TA,Y,28,0,0,0,0,0,0,4,2009,WD,Normal,148500
677,70,RM,60.0,9600,Pave,Reg,Lvl,AllPub,Inside,Gtl,OldTown,Norm,Norm,1Fam,2Story,4,2,1900,1950,Gable,CompShg,AsbShng,Stucco,None,0.0,TA,TA,BrkTil,TA,Fa,No,Unf,0,Unf,0,1095,1095,GasW,Fa,N,SBrkr,1095,679,0,1774,1,0,2,0,4,2,TA,8,Min2,0,,2Types,1920.0,Unf,3,779,Fa,Fa,N,0,0,90,0,0,0,0,5,2006,WD,Normal,87000
678,30,RL,52.0,9022,Pave,Reg,Lvl,AllPub,Inside,Gtl,OldTown,Norm,Norm,1Fam,1Story,5,8,1924,2006,Gable,CompShg,VinylSd,VinylSd,None,0.0,Gd,TA,BrkTil,TA,TA,No,Unf,0,Unf,0,768,768,GasA,Ex,Y,SBrkr,792,0,0,792,0,0,1,0,2,1,Gd,5,Typ,0,,Detchd,1924.0,Unf,1,240,Fa,Fa,N,316,0,120,0,0,0,0,5,2009,WD,Normal,109500
679,20,RL,80.0,11844,Pave,IR1,Lvl,AllPub,Inside,Gtl,StoneBr,Norm,Norm,1Fam,1Story,8,5,2008,2008,Hip,CompShg,VinylSd,VinylSd,Stone,464.0,Gd,TA,PConc,Ex,TA,Mn,Unf,0,Unf,0,2046,2046,GasA,Ex,Y,SBrkr,2046,0,0,2046,0,0,2,1,3,1,Gd,7,Typ,1,Gd,Attchd,2008.0,Fin,3,834,TA,TA,Y,322,82,0,0,0,0,0,7,2009,New,Partial,372500
680,20,RL,,9945,Pave,IR1,Lvl,AllPub,Inside,Gtl,Sawyer,Norm,Norm,1Fam,1Story,5,5,1961,1961,Hip,CompShg,Wd Sdng,Wd Sdng,BrkFace,57.0,TA,TA,CBlock,TA,TA,No,Rec,827,Unf,0,161,988,GasA,TA,Y,SBrkr,988,0,0,988,1,0,1,0,3,1,TA,5,Typ,0,,Detchd,1963.0,Unf,2,572,TA,TA,Y,0,0,0,0,0,0,0,10,2007,WD,Normal,128500
681,120,RL,50.0,8012,Pave,Reg,Lvl,AllPub,Inside,Gtl,SawyerW,Norm,Norm,TwnhsE,1Story,6,5,1980,1980,Gable,CompShg,Plywood,Plywood,None,0.0,TA,TA,CBlock,Gd,TA,No,BLQ,543,BLQ,119,261,923,GasA,TA,Y,SBrkr,923,0,0,923,0,0,2,0,2,1,TA,5,Typ,1,TA,Attchd,1980.0,RFn,1,264,TA,TA,Y,80,0,0,0,0,0,0,5,2010,WD,Normal,143000
682,50,RH,55.0,4500,Pave,IR2,Bnk,AllPub,Inside,Gtl,SWISU,Norm,Norm,1Fam,1.5Fin,5,5,1932,2000,Gable,CompShg,VinylSd,Stucco,None,0.0,TA,TA,BrkTil,TA,TA,No,Rec,182,Unf,0,611,793,GasA,Ex,Y,SBrkr,848,672,0,1520,0,0,1,0,3,1,TA,6,Typ,0,,Detchd,1968.0,Unf,1,281,TA,TA,Y,0,0,56,0,0,0,0,7,2009,WD,Abnorml,159434
683,120,RL,,2887,Pave,Reg,HLS,AllPub,Inside,Gtl,ClearCr,Norm,Norm,1Fam,1Story,6,5,1996,1997,Gable,CompShg,Wd Sdng,Wd Sdng,None,0.0,TA,TA,PConc,Gd,TA,Mn,GLQ,1003,Unf,0,288,1291,GasA,Ex,Y,SBrkr,1291,0,0,1291,1,0,1,0,2,1,Gd,6,Typ,1,Gd,Attchd,1996.0,Unf,2,431,TA,TA,Y,307,0,0,0,0,0,0,11,2008,WD,Normal,173000
684,20,RL,90.0,11248,Pave,IR1,Lvl,AllPub,Corner,Gtl,CollgCr,Norm,Norm,1Fam,1Story,9,5,2002,2002,Hip,CompShg,VinylSd,VinylSd,Stone,215.0,Gd,TA,PConc,Gd,TA,Av,GLQ,1059,Unf,0,567,1626,GasA,Ex,Y,SBrkr,1668,0,0,1668,1,0,2,0,3,1,Gd,7,Typ,1,TA,Attchd,2002.0,Fin,3,702,TA,TA,Y,257,45,0,0,0,0,0,7,2007,WD,Normal,285000
685,60,RL,58.0,16770,Pave,IR2,Lvl,AllPub,CulDSac,Gtl,NoRidge,Norm,Norm,1Fam,2Story,7,5,1998,1998,Gable,CompShg,VinylSd,VinylSd,BrkFace,30.0,Gd,TA,PConc,Gd,TA,No,Unf,0,Unf,0,1195,1195,GasA,Gd,Y,SBrkr,1195,644,0,1839,0,0,2,1,4,1,TA,7,Typ,0,,Attchd,1998.0,Fin,2,486,TA,TA,Y,0,81,0,0,0,0,0,6,2010,WD,Normal,221000
686,160,RL,,5062,Pave,IR1,Lvl,AllPub,CulDSac,Gtl,StoneBr,Norm,Norm,TwnhsE,2Story,7,5,1984,1984,Gable,CompShg,HdBoard,HdBoard,None,0.0,Gd,TA,CBlock,Gd,TA,Mn,GLQ,828,LwQ,182,180,1190,GasA,Gd,Y,SBrkr,1190,900,0,2090,1,0,2,0,3,1,Gd,6,Min1,1,TA,Attchd,1984.0,Fin,2,577,TA,TA,Y,219,0,0,0,0,0,0,9,2007,WD,Normal,207500
687,60,FV,84.0,10207,Pave,Reg,Lvl,AllPub,Inside,Gtl,Somerst,Norm,Norm,1Fam,2Story,7,6,2007,2007,Gable,CompShg,VinylSd,VinylSd,None,0.0,Gd,TA,PConc,Gd,TA,No,Unf,0,Unf,0,874,874,GasA,Ex,Y,SBrkr,874,887,0,1761,0,0,3,0,3,1,Gd,7,Typ,0,,Attchd,2007.0,Fin,2,578,TA,TA,Y,144,105,0,0,0,0,0,8,2007,New,Partial,227875
688,160,FV,,5105,Pave,IR2,Lvl,AllPub,FR2,Gtl,Somerst,Norm,Norm,TwnhsE,2Story,7,5,2004,2004,Gable,CompShg,MetalSd,MetalSd,None,0.0,Gd,TA,PConc,Gd,TA,No,GLQ,239,Unf,0,312,551,GasA,Ex,Y,SBrkr,551,551,0,1102,0,0,2,1,2,1,Gd,4,Typ,0,,Detchd,2004.0,Unf,2,480,TA,TA,Y,0,60,0,0,0,0,0,3,2007,WD,Normal,148800
689,20,RL,60.0,8089,Pave,Reg,HLS,AllPub,Inside,Gtl,StoneBr,Norm,Norm,1Fam,1Story,8,6,2007,2007,Gable,CompShg,MetalSd,MetalSd,BrkFace,0.0,Gd,TA,PConc,Gd,TA,Av,GLQ,945,Unf,0,474,1419,GasA,Ex,Y,SBrkr,1419,0,0,1419,1,0,2,0,2,1,Gd,7,Typ,1,Gd,Attchd,2007.0,RFn,2,567,TA,TA,Y,140,0,0,0,0,0,0,10,2007,New,Partial,392000
690,120,RL,61.0,7577,Pave,IR1,Lvl,AllPub,Corner,Gtl,NridgHt,Norm,Norm,TwnhsE,1Story,6,5,2005,2006,Gable,CompShg,VinylSd,VinylSd,Stone,256.0,Gd,TA,PConc,Gd,TA,Av,ALQ,20,Unf,0,1342,1362,GasA,Ex,Y,SBrkr,1362,0,0,1362,0,0,2,0,2,1,Gd,6,Typ,1,Gd,Attchd,2005.0,RFn,2,460,TA,TA,Y,192,28,0,0,0,0,0,6,2007,WD,Normal,194700
691,120,RM,,4426,Pave,Reg,Lvl,AllPub,Inside,Gtl,CollgCr,Norm,Norm,TwnhsE,1Story,6,5,2004,2004,Gable,CompShg,VinylSd,VinylSd,BrkFace,147.0,Gd,TA,PConc,Gd,TA,Gd,GLQ,697,Unf,0,151,848,GasA,Ex,Y,SBrkr,848,0,0,848,1,0,1,0,1,1,Gd,3,Typ,1,TA,Attchd,2004.0,RFn,2,420,TA,TA,Y,149,0,0,0,0,0,0,5,2008,WD,Normal,141000
692,60,RL,104.0,21535,Pave,IR1,Lvl,AllPub,Corner,Gtl,NoRidge,Norm,Norm,1Fam,2Story,10,6,1994,1995,Gable,WdShngl,HdBoard,HdBoard,BrkFace,1170.0,Ex,TA,PConc,Ex,TA,Gd,GLQ,1455,Unf,0,989,2444,GasA,Ex,Y,SBrkr,2444,1872,0,4316,0,1,3,1,4,1,Ex,10,Typ,2,Ex,Attchd,1994.0,Fin,3,832,TA,TA,Y,382,50,0,0,0,0,0,1,2007,WD,Normal,755000
693,60,RL,42.0,26178,Pave,IR1,Lvl,AllPub,Inside,Mod,Timber,Norm,Norm,1Fam,2Story,7,5,1989,1990,Hip,CompShg,MetalSd,MetalSd,BrkFace,293.0,Gd,TA,PConc,Gd,TA,Gd,GLQ,965,Unf,0,245,1210,GasA,Ex,Y,SBrkr,1238,1281,0,2519,1,0,2,1,4,1,Gd,9,Typ,2,Gd,Attchd,1989.0,RFn,2,628,TA,TA,Y,320,27,0,0,0,0,0,4,2006,WD,Normal,335000
694,30,RL,60.0,5400,Pave,Reg,Lvl,AllPub,Corner,Sev,OldTown,Norm,Norm,1Fam,1Story,5,6,1921,1968,Gable,CompShg,MetalSd,MetalSd,None,0.0,TA,TA,BrkTil,TA,TA,No,Unf,0,Unf,0,1073,1073,GasA,Ex,Y,SBrkr,1073,0,0,1073,0,0,1,0,2,1,TA,4,Typ,0,,Detchd,1968.0,Unf,1,326,TA,TA,Y,0,0,112,0,0,0,0,12,2006,WD,Abnorml,108480
695,50,RM,51.0,6120,Pave,Reg,Lvl,AllPub,Corner,Gtl,BrkSide,Norm,Norm,1Fam,1.5Fin,5,6,1936,1950,Gable,CompShg,Wd Sdng,Wd Sdng,None,0.0,TA,Fa,BrkTil,TA,TA,No,Unf,0,Unf,0,927,927,GasA,TA,Y,SBrkr,1067,472,0,1539,0,0,1,1,3,1,TA,5,Typ,0,,Detchd,1995.0,Unf,2,576,TA,TA,Y,112,0,0,0,0,0,0,4,2009,WD,Normal,141500
696,20,RL,54.0,13811,Pave,IR1,Lvl,AllPub,Inside,Gtl,Timber,Norm,Norm,1Fam,1Story,6,6,1987,1987,Gable,CompShg,HdBoard,HdBoard,BrkFace,72.0,TA,TA,CBlock,Gd,Gd,No,GLQ,980,LwQ,40,92,1112,GasA,Gd,Y,SBrkr,1137,0,0,1137,1,0,2,0,2,1,Gd,5,Typ,1,TA,Attchd,1987.0,Unf,2,551,TA,TA,Y,125,0,0,0,0,0,0,7,2006,WD,Normal,176000
697,30,RM,50.0,6000,Pave,Reg,Lvl,AllPub,Inside,Gtl,BrkSide,Norm,Norm,1Fam,1Story,5,7,1921,1950,Gable,CompShg,Wd Sdng,Wd Shng,None,0.0,TA,TA,CBlock,TA,TA,No,LwQ,616,Unf,0,0,616,GasA,Gd,Y,SBrkr,616,0,0,616,0,0,1,0,2,1,TA,4,Typ,0,,Detchd,1921.0,Unf,1,205,TA,TA,Y,0,0,129,0,0,0,0,6,2006,WD,Normal,89000
698,20,RL,57.0,6420,Pave,IR1,Lvl,AllPub,Inside,Gtl,Edwards,Norm,Norm,1Fam,1Story,5,7,1952,1952,Gable,CompShg,Wd Sdng,Wd Sdng,None,0.0,TA,TA,PConc,Ex,Gd,Mn,LwQ,210,ALQ,551,219,980,GasA,Fa,Y,FuseA,1148,0,0,1148,0,1,1,0,2,1,TA,6,Typ,0,,Detchd,1952.0,Unf,1,308,TA,TA,Y,0,0,0,0,0,0,0,9,2006,WD,Normal,123500
699,20,RL,65.0,8450,Pave,Reg,Lvl,AllPub,Inside,Gtl,Sawyer,RRAe,Norm,1Fam,1Story,5,8,1965,2009,Gable,CompShg,MetalSd,MetalSd,None,0.0,TA,Gd,CBlock,TA,TA,No,GLQ,553,BLQ,117,224,894,GasA,Ex,Y,SBrkr,894,0,0,894,1,0,1,0,3,1,TA,5,Typ,1,Gd,Detchd,1973.0,Unf,1,336,TA,TA,Y,416,144,0,0,0,0,0,4,2010,WD,Normal,138500
700,120,FV,59.0,4282,Pave,IR2,Lvl,AllPub,Inside,Gtl,Somerst,Norm,Norm,TwnhsE,1Story,7,5,2004,2004,Gable,CompShg,MetalSd,MetalSd,None,0.0,Gd,TA,PConc,Gd,TA,Mn,GLQ,16,Unf,0,1375,1391,GasA,Ex,Y,SBrkr,1391,0,0,1391,0,0,2,0,2,1,Gd,5,Typ,0,,Attchd,2004.0,RFn,2,530,TA,TA,Y,156,158,0,0,0,0,0,7,2008,WD,Normal,196000
